{"cameraMode":{"drawMode":0,"name":"Shaded","section":"Shading Mode"},"sceneLighting":true,"audioPlay":false,"sceneViewState":{"m_AlwaysRefresh":false,"showFog":true,"showSkybox":true,"showFlares":true,"showImageEffects":true,"showParticleSystems":true,"showVisualEffectGraphs":true,"m_FxEnabled":true},"in2DMode":false,"pivot":{"x":771.7014770507813,"y":626.5750122070313,"z":10.047109603881836},"rotation":{"x":-0.022796057164669038,"y":-0.013196219690144062,"z":-0.00030096789123490453,"w":0.9996557235717773},"size":544.2586669921875,"orthographic":false}