{"cameraMode":{"drawMode":0,"name":"Shaded","section":"Shading Mode"},"sceneLighting":true,"audioPlay":false,"sceneViewState":{"m_AlwaysRefresh":false,"showFog":true,"showSkybox":true,"showFlares":true,"showImageEffects":true,"showParticleSystems":true,"showVisualEffectGraphs":true,"m_FxEnabled":true},"in2DMode":false,"pivot":{"x":461.0100402832031,"y":316.98553466796877,"z":-5.984407901763916},"rotation":{"x":-0.022796057164669038,"y":-0.013196219690144062,"z":-0.00030096789123490453,"w":0.9996557235717773},"size":310.0013427734375,"orthographic":false}