{"cameraMode":{"drawMode":0,"name":"Shaded","section":"Shading Mode"},"sceneLighting":true,"audioPlay":false,"sceneViewState":{"m_AlwaysRefresh":false,"showFog":true,"showSkybox":true,"showFlares":true,"showImageEffects":true,"showParticleSystems":true,"showVisualEffectGraphs":true,"m_FxEnabled":true},"in2DMode":false,"pivot":{"x":1823.2960205078125,"y":1139.994384765625,"z":191.25270080566407},"rotation":{"x":0.11631975322961807,"y":-0.04438140243291855,"z":0.005204256623983383,"w":0.9922117590904236},"size":523.3926391601563,"orthographic":false}